pos	dist_to_RBD	dist_to_S2	dist_to_RBD/S2
14	23.880034640900703	47.56851934650792	23.880034640900703
15	24.123209985406163	46.69802246379902	24.123209985406163
16	27.789215597232104	47.69447132337591	27.789215597232104
17	26.876409337583873	46.220502106228246	26.876409337583873
18	30.869439023424913	46.472341721419475	30.869439023424913
19	33.47592799297359	49.421329700931395	33.47592799297359
20	36.9230294960235	49.70340787170659	36.9230294960235
21	33.15672975075521	44.22039454681362	33.15672975075521
22	38.07332097328299	45.829312793255376	38.07332097328299
23	36.17242739456085	43.511099792135674	36.17242739456085
24	37.81729049232562	40.84244357355505	37.81729049232562
25	37.03064205991252	38.528835937796714	37.03064205991252
26	33.31596661534057	34.672554615300854	33.31596661534057
27	33.27557413389357	33.835918381313945	33.27557413389357
28	31.80163042210034	30.826998985002476	30.826998985002476
29	32.92235650825192	30.192985895957555	30.192985895957555
30	33.22965101387401	26.66804012986435	26.66804012986435
31	30.164633134140455	25.91720406989047	25.91720406989047
32	32.89474715876142	26.09252281804117	26.09252281804117
33	27.741036280137735	23.164213160113345	23.164213160113345
34	27.239368340493705	26.028852283822815	26.028852283822815
35	23.015140828919556	21.84802838680472	21.84802838680472
36	20.5491788637276	19.685443388936026	19.685443388936026
37	16.952143752258063	18.013159379798253	16.952143752258063
38	14.064362598998619	20.092455946321273	14.064362598998619
39	12.29235595998337	15.198900930176881	12.29235595998337
40	8.613533441262646	15.405261972487592	8.613533441262646
41	6.184209520511105	15.731158762990962	6.184209520511105
42	6.5955143147073905	12.748229041473863	6.5955143147073905
43	9.715060213209226	13.068094606848911	9.715060213209226
44	10.851681134831875	12.680815847078632	10.851681134831875
45	15.656414444423579	8.701936880309397	8.701936880309397
46	18.485205342080693	8.578404794534286	8.578404794534286
47	16.430938908979364	10.214669713381307	10.214669713381307
48	18.908821126080934	10.621395310504818	10.621395310504818
49	14.185799177346329	10.631719953516454	10.631719953516454
50	17.00214739754298	7.761761509199729	7.761761509199729
51	15.728343992322147	8.730942853310895	8.730942853310895
52	15.983456998282119	6.496486769408547	6.496486769408547
53	15.514316006716182	10.884608493763107	10.884608493763107
54	16.343450072891834	13.234216242259114	13.234216242259114
55	20.19830309996812	14.525456648225854	14.525456648225854
56	23.81899148610865	19.756140112791513	19.756140112791513
57	25.104635076405234	18.783571315143565	18.783571315143565
58	27.395445899617012	20.000643375608565	20.000643375608565
59	32.46685954856553	22.851121877490336	22.851121877490336
60	28.29258121344067	23.514128847441523	23.514128847441523
61	29.524160485178108	26.066972838412706	26.066972838412706
62	28.24543540013251	27.1473597100066	27.1473597100066
63	27.97660327241103	29.267649208709635	27.97660327241103
64	33.99477825963154	35.18115114703628	33.99477825963154
65	29.371507594075624	33.46789524730178	29.371507594075624
66	34.80366643815023	38.573094960622804	34.80366643815023
67	35.62396904144979	41.89159122774704	35.62396904144979
68	39.42204617762535	43.360741877874425	39.42204617762535
69	42.546609492296795	47.808992542384516	42.546609492296795
70	44.94645746109577	44.13792965093985	44.13792965093985
71	48.64494836736473	45.32290013460205	45.32290013460205
72	48.91011482987232	48.021457481554826	48.021457481554826
73	48.469941082086706	49.73946099037274	48.469941082086706
74	44.6182072935898	49.64806025207231	44.6182072935898
75	44.400995967281794	46.768252246300705	44.400995967281794
76	42.19109014474998	44.09347798765919	42.19109014474998
77	38.858876972710455	47.6104409319711	38.858876972710455
78	35.991797052286145	41.753530022712624	35.991797052286145
79	32.34125981046655	42.19937824249262	32.34125981046655
80	31.20670964647343	37.75123104965385	31.20670964647343
81	27.35958201803143	37.49632739942877	27.35958201803143
82	25.81517123467879	33.783392324619854	25.81517123467879
83	21.92964785963672	31.63310680671277	21.92964785963672
84	21.502688902318695	28.53584316229502	21.502688902318695
85	18.546195012873405	24.829067940950313	18.546195012873405
86	14.398074985027055	22.52337994899673	14.398074985027055
87	14.896706661008528	19.49099342023523	14.896706661008528
88	12.948964525259443	16.05592012829334	12.948964525259443
89	15.668312397061586	19.65368483778869	15.668312397061586
90	18.76118972736385	22.750494040028446	18.76118972736385
91	24.49216368109678	24.64017524531414	24.49216368109678
92	24.73051411863455	28.969408360204994	24.73051411863455
93	28.108131174729543	30.18350267369784	28.108131174729543
94	29.707005732403754	33.73818695703089	29.707005732403754
95	33.49622415546966	36.50652429806998	33.49622415546966
96	32.95092573135523	39.098623942933116	32.95092573135523
97	37.573920599649604	43.762383431104254	37.573920599649604
98	35.44783716083513	44.42087522566655	35.44783716083513
99	31.282520879476717	41.90465813997442	31.282520879476717
100	33.09308514970647	41.553963577685636	33.09308514970647
101	29.299332736866504	37.080008293090025	29.299332736866504
102	27.920113017484205	40.163063451079516	27.920113017484205
103	23.70295932446172	34.62450814745424	23.70295932446172
104	21.54196238693438	31.504055294461573	21.54196238693438
105	18.58639835941657	33.09170429158757	18.58639835941657
106	15.466469711040018	28.510667607733467	15.466469711040018
107	12.661132790039215	27.8876153802304	12.661132790039215
108	11.959891678058499	27.734262442778203	11.959891678058499
109	11.765580210219403	31.26522600824978	11.765580210219403
110	14.902019610866132	33.05126558256213	14.902019610866132
111	11.547306160997472	34.63204641625094	11.547306160997472
112	9.849196274315991	35.81970197008378	9.849196274315991
113	7.081190118463639	33.67011522178644	7.081190118463639
114	7.814265258272463	30.152315707597197	7.814265258272463
115	7.045672269004723	29.59800739049047	7.045672269004723
116	11.637349600412554	30.745992520697172	11.637349600412554
117	13.456417274638484	30.104865333376804	13.456417274638484
118	17.044222306766724	35.01745280105033	17.044222306766724
119	18.796984121798765	32.634404927210255	18.796984121798765
120	22.25774474136283	37.487568089152425	22.25774474136283
121	24.438540351742784	39.70140693685332	24.438540351742784
122	25.338005960681535	43.17910239286042	25.338005960681535
123	27.409526228130588	44.78312297811671	27.409526228130588
124	25.35379852466451	43.84248647047534	25.35379852466451
125	21.75805616630255	40.37423061469966	21.75805616630255
126	19.036543479622114	36.58277542797975	19.036543479622114
127	18.791905379611084	37.17851434968349	18.791905379611084
128	15.019795600625057	32.844066206508764	15.019795600625057
129	15.354842320781136	35.78982800858861	15.354842320781136
130	10.092134162093306	30.985985741417792	10.092134162093306
131	10.4601960280123	33.6557513774567	10.4601960280123
132	7.776273073892988	34.0419134625684	7.776273073892988
133	13.24051445952507	35.79515658934685	13.24051445952507
134	14.999408537310256	39.21167902640154	14.999408537310256
135	16.67537943749099	37.11784400165803	16.67537943749099
136	21.052552082251836	41.22634843013207	21.052552082251836
137	22.01277779139133	40.49908641783822	22.01277779139133
138	25.98727704943066	42.043936335526176	25.98727704943066
139	24.059003939507228	39.98375511022302	24.059003939507228
140	28.03754739549352	44.49422529388261	28.03754739549352
141	27.994993528698572	43.368940335005306	27.994993528698572
142	31.870584002925018	47.61310395603426	31.870584002925018
143	35.43110987665835	49.415530631016814	35.43110987665835
144	39.636914335786784	55.60529672345184	39.636914335786784
145	43.449114558471436	56.48607042228849	43.449114558471436
146	44.54879975848382	60.195762107503256	44.54879975848382
147	49.16882559027151	62.28637908758698	49.16882559027151
148	48.70600315497053	63.58004564732259	48.70600315497053
149	44.52098124829115	59.13403831154481	44.52098124829115
150	45.85362853943988	57.522146563855365	45.85362853943988
151	40.672909023347316	55.58806979310323	40.672909023347316
152	39.290320148680046	52.448872881355165	39.290320148680046
153	37.069677589418276	53.53112266140721	37.069677589418276
154	31.982446532545342	48.35495334326844	31.982446532545342
155	33.16010014309366	51.41901785853614	33.16010014309366
156	30.740070131228382	49.2088186771252	30.740070131228382
157	24.425372502552126	44.33884433618932	24.425372502552126
158	27.05947915035376	47.44530846383945	27.05947915035376
159	21.294175661242125	41.15643713115453	21.294175661242125
160	18.36171766070344	41.09927866361009	18.36171766070344
161	18.92036261471281	43.54788234804803	18.92036261471281
162	15.603413008056927	41.17153413352681	15.603413008056927
163	13.684449411649705	39.40908162676855	13.684449411649705
164	10.93976412994129	38.26490956199463	10.93976412994129
165	7.036443715134084	34.13057957907687	7.036443715134084
166	10.628217919241626	34.60549428472174	10.628217919241626
167	7.708605023215728	30.757281809784992	7.708605023215728
168	10.216862235240527	29.88364263977013	10.216862235240527
169	14.413487001237533	34.44629288265453	14.413487001237533
170	13.169654754018739	32.17081383096579	13.169654754018739
171	16.39425903182464	36.056369187975164	16.39425903182464
172	17.626523017648424	36.2033288565049	17.626523017648424
173	18.696287675878285	36.491219902531356	18.696287675878285
174	22.596135593566895	41.010100231314475	22.596135593566895
175	24.414605355425206	41.78489899364471	24.414605355425206
176	29.771742776616204	45.95832882096155	29.771742776616204
177	29.21567839600541	44.214142283783204	29.21567839600541
178	33.70753892868588	45.28772871630073	33.70753892868588
179	33.86499123679737	47.84702322343313	33.86499123679737
180	38.85757744859363	49.2213897337309	38.85757744859363
181	39.89108518097503	49.74527034694479	39.89108518097503
182	39.476114324286236	47.27047954684138	39.476114324286236
183	44.00453332784717	46.26222128903539	44.00453332784717
184	41.95966876697716	41.46808929926654	41.46808929926654
185	40.138231319538455	38.14388864797657	38.14388864797657
186	36.955515842690644	38.79740626139588	36.955515842690644
187	35.03755881755571	39.681293854121165	35.03755881755571
188	30.726520251621043	37.746156966843984	30.726520251621043
189	28.37604173109099	33.37043103557399	28.37604173109099
190	27.16431393765525	34.80707593960633	27.16431393765525
191	24.520796476873404	28.231292626072356	24.520796476873404
192	21.89382383296839	27.952659663677316	21.89382383296839
193	19.634067259896387	22.15810597437182	19.634067259896387
194	18.4707718238187	24.33964077564462	18.4707718238187
195	14.477568715980112	18.156445571124294	14.477568715980112
196	9.694916308895973	20.403022476385082	9.694916308895973
197	9.137942443188479	16.80069122973442	9.137942443188479
198	5.2980956913216035	14.836523903223801	5.2980956913216035
199	6.24681286791232	19.485087602151562	6.24681286791232
200	7.711439933763551	20.460406399414335	7.711439933763551
201	13.457513351039587	24.240207850830654	13.457513351039587
202	12.225839725327276	20.19468061552352	12.225839725327276
203	15.111077252093903	25.064173726531457	15.111077252093903
204	15.708569299565	21.69562099253525	15.708569299565
205	18.786906924330218	27.383961985232897	18.786906924330218
206	21.156901619871824	28.48113937964983	21.156901619871824
207	23.272770203696886	32.147249966462915	23.272770203696886
208	26.740674821671334	31.40538306919017	26.740674821671334
209	29.229735093788673	32.49583895086471	29.229735093788673
210	32.65976223605568	36.21026958341322	32.65976223605568
211	37.46808698342345	35.209919152723415	35.209919152723415
212	37.01880171683119	34.0241233517618	34.0241233517618
213	40.901577585961256	34.575027648951156	34.575027648951156
214	39.682144503857884	31.148213215188633	31.148213215188633
215	37.301771164039174	30.21438849137917	30.21438849137917
216	32.88629435639754	31.37244389125701	31.37244389125701
217	31.942158963721806	30.48565570994837	30.48565570994837
218	33.1249299436818	25.016470607468214	25.016470607468214
219	29.175646612457452	28.0467353541886	28.0467353541886
220	24.751014960155693	23.828199221396396	23.828199221396396
221	23.30412331510361	25.77858301565738	23.30412331510361
222	19.50091490058864	23.30136588123645	19.50091490058864
223	19.07337512456828	23.888882981289644	19.07337512456828
224	15.430089049151722	24.945203525917762	15.430089049151722
225	12.440820867267101	23.116255028301666	12.440820867267101
226	14.54029294376922	27.139672923427522	14.54029294376922
227	11.503877244917694	25.266102112040883	11.503877244917694
228	8.637650561278223	21.904501879840858	8.637650561278223
229	11.016227117035	25.794959176428456	11.016227117035
230	6.469759791899881	23.521878194974008	6.469759791899881
231	8.059565238678731	25.07034639879323	8.059565238678731
232	5.277805874925209	22.286766895986066	5.277805874925209
233	6.837656370032427	24.02842693918094	6.837656370032427
234	6.3205507548562965	22.197662640178606	6.3205507548562965
235	10.596052408319494	24.03825055333394	10.596052408319494
236	12.586660014004428	23.9835990107866	12.586660014004428
237	16.627524613608163	28.326900066523624	16.627524613608163
238	19.267448951518663	28.220730620050666	19.267448951518663
239	21.831660747356217	33.690117660133524	21.831660747356217
240	24.417366511027293	34.31384644836006	24.417366511027293
241	24.468538753729625	37.12429846159554	24.468538753729625
242	29.3222835613122	39.74243962162017	29.3222835613122
243	31.809962460524844	43.46677673514709	31.809962460524844
244	33.53028395206712	46.98523966946295	33.53028395206712
245	37.71714583329443	49.16954835096744	37.71714583329443
246	36.75692839300408	52.583227960112815	36.75692839300408
247	42.62494303287167	56.694589697492425	42.62494303287167
248	47.2392112446941	59.94503549844409	47.2392112446941
249	46.158988434167675	56.723015040208644	46.158988434167675
250	42.027834501284346	55.76167890282021	42.027834501284346
251	43.56838999135903	58.539632890016996	43.56838999135903
252	40.21547191515718	57.70196083368654	40.21547191515718
253	36.415421977680005	55.630532075640026	36.415421977680005
254	33.54992958346642	52.94987970314095	33.54992958346642
255	33.5026334014706	51.364848677750516	33.5026334014706
256	37.23728119849186	53.38038026418064	37.23728119849186
257	38.228094205816696	53.735134266027565	38.228094205816696
258	36.50294776726062	49.31047652122214	36.50294776726062
259	39.31081876882635	50.115712068193154	39.31081876882635
260	38.3026636768254	47.02276074126014	38.3026636768254
261	38.1385861444905	45.53428563130342	38.1385861444905
262	38.574587540727954	43.84362530951462	38.574587540727954
263	35.2946795949562	40.35757522898427	35.2946795949562
264	33.41938696096794	36.86168227310204	33.41938696096794
265	28.7638596879781	33.77126674102413	28.7638596879781
266	30.333151828618547	31.771439009008148	30.333151828618547
267	24.415114751678246	27.17850538794304	24.415114751678246
268	22.51666990200994	23.549689839832197	22.51666990200994
269	19.967210633743612	21.474963628212503	19.967210633743612
270	18.174572069518124	17.494020480670674	17.494020480670674
271	19.82232037251485	14.23916720075035	14.23916720075035
272	18.15996581341549	10.569404897038952	10.569404897038952
273	22.689760619476296	13.01887295725294	13.01887295725294
274	21.158726946528894	9.113246914078667	9.113246914078667
275	20.91794212602193	13.078307523450588	13.078307523450588
276	20.692739838980962	12.475746662274364	12.475746662274364
277	17.500348305462374	14.242981167271479	14.242981167271479
278	20.82202309862691	15.728041255967423	15.728041255967423
279	15.103138215514821	14.804698637716708	14.804698637716708
280	19.251398925873538	13.01480736303564	13.01480736303564
281	20.5844998404139	10.394344443313875	10.394344443313875
282	17.450105425505317	12.110728986883903	12.110728986883903
283	14.913818605742795	14.747014226403595	14.747014226403595
284	17.538730120367955	16.946195636608508	16.946195636608508
285	17.847728860155424	19.25690857252599	17.847728860155424
286	22.012602676695014	17.966178038563875	17.966178038563875
287	23.631393326396875	19.98511842158191	19.98511842158191
288	23.017545653261983	17.723980692870608	17.723980692870608
289	24.36636513097343	15.417974101632062	15.417974101632062
290	25.912780613893013	15.686927186753307	15.686927186753307
291	25.691657733050665	12.67853219534786	12.67853219534786
292	27.70001890162938	15.068814934866312	15.068814934866312
293	30.814496804111933	19.041845922615405	19.041845922615405
294	32.58962237282176	16.575781797644566	16.575781797644566
295	34.29754358286271	14.242162577454769	14.242162577454769
296	32.60790350963627	15.038569574389385	15.038569574389385
297	29.1566038272445	16.153067700139296	16.153067700139296
298	29.351357435599898	13.295603065690596	13.295603065690596
299	30.79439446879902	11.986203059163909	11.986203059163909
300	28.046222246410682	14.182884265193346	14.182884265193346
301	24.957796207687167	10.874870256582636	10.874870256582636