pos	RSA_monomer	RSA_trimer	delta_RSA
14	0.5336322869955157	0.852017937219731	0
15	0.3413173652694611	0.32934131736526945	0.011976047904191656
16	0.08620689655172414	0.15517241379310345	0
17	0.49230769230769234	0.49743589743589745	0
18	0.06467661691542288	0.06965174129353234	0
19	0.38953488372093026	0.38953488372093026	0.0
20	0.3546511627906977	0.45930232558139533	0
21	0.23357664233576642	0.27007299270072993	0
22	0.23255813953488372	0.4186046511627907	0
23	0.7533632286995515	0.7040358744394619	0.049327354260089606
24	0.32338308457711445	0.4079601990049751	0
25	0.6352201257861635	0.6666666666666666	0
26	0.6163522012578616	0.5220125786163522	0.09433962264150941
27	0.18604651162790697	0.26356589147286824	0
28	0.4372623574144487	0.5171102661596958	0
29	0.09302325581395349	0.12790697674418605	0
30	0.3076923076923077	0.24102564102564103	0.06666666666666668
31	0.0	0.0	0.0
32	0.21666666666666667	0.18333333333333332	0.033333333333333354
33	0.18604651162790697	0.23255813953488372	0
34	0.01824817518248175	0.06204379562043796	0
35	0.019230769230769232	0.019230769230769232	0.0
36	0.005747126436781609	0.011494252873563218	0
37	0.0	0.0038022813688212928	0
38	0.12167300380228137	0.057034220532319393	0.06463878326996197
39	0.11949685534591195	0.1509433962264151	0
40	0.25906735751295334	0.3005181347150259	0
41	0.788135593220339	0.3474576271186441	0.4406779661016949
42	0.4942528735632184	0.05172413793103448	0.4425287356321839
43	0.8375	0.03333333333333333	0.8041666666666667
44	0.12043795620437957	0.07664233576642336	0.043795620437956206
45	0.432258064516129	0.25806451612903225	0.17419354838709677
46	0.4838709677419355	0.4838709677419355	0.0
47	0.3850574712643678	0.1724137931034483	0.2126436781609195
48	0.30845771144278605	0.23383084577114427	0.07462686567164178
49	0.24553571428571427	0.19642857142857142	0.04910714285714285
50	0.432258064516129	0.25806451612903225	0.17419354838709677
51	0.1686046511627907	0.13372093023255813	0.034883720930232565
52	0.6322869955156951	0.33183856502242154	0.3004484304932736
53	0.22797927461139897	0.22797927461139897	0.0
54	0.13432835820895522	0.18407960199004975	0
55	0.0	0.0	0.0
56	0.01990049751243781	0.009950248756218905	0.009950248756218905
57	0.05660377358490566	0.06289308176100629	0
58	0.058333333333333334	0.05416666666666667	0.004166666666666666
59	0.43333333333333335	0.4583333333333333	0
60	0.15483870967741936	0.1870967741935484	0
61	0.6358974358974359	0.6153846153846154	0.02051282051282044
62	0.011494252873563218	0.005747126436781609	0.005747126436781609
63	0.22093023255813954	0.19767441860465115	0.023255813953488386
64	0.1368421052631579	0.10175438596491228	0.035087719298245626
65	0.0875	0.075	0.012499999999999997
66	0.11607142857142858	0.26785714285714285	0
67	0.031007751937984496	0.023255813953488372	0.007751937984496124
68	0.3096446700507614	0.3248730964467005	0
69	0.38392857142857145	0.36607142857142855	0.017857142857142905
70	0.3390804597701149	0.735632183908046	0
71	0.7225806451612903	0.7225806451612903	0.0
72	0.6346153846153846	0.6346153846153846	0.0
73	0.7848837209302325	0.7848837209302325	0.0
74	0.7846153846153846	0.7846153846153846	0.0
75	0.1346153846153846	0.1346153846153846	0.0
76	0.23837209302325582	0.3953488372093023	0
77	0.0635593220338983	0.11440677966101695	0
78	0.1678832116788321	0.14233576642335766	0.02554744525547445
79	0.0	0.0	0.0
80	0.06217616580310881	0.07253886010362694	0
81	0.07692307692307693	0.08717948717948718	0
82	0.29559748427672955	0.3333333333333333	0
83	0.3045977011494253	0.3333333333333333	0
84	0.10945273631840796	0.0945273631840796	0.01492537313432836
85	0.4025157232704403	0.389937106918239	0.012578616352201255
86	0.0125	0.05416666666666667	0
87	0.49230769230769234	0.5230769230769231	0
88	0.5284974093264249	0.49740932642487046	0.031088082901554404
89	0.0	0.0	0.0
90	0.0	0.005747126436781609	0
91	0.0	0.0038022813688212928	0
92	0.0	0.004166666666666667	0
93	0.0	0.0	0.0
94	0.01935483870967742	0.025806451612903226	0
95	0.0	0.0	0.0
96	0.0	0.013333333333333334	0
97	0.1652542372881356	0.1483050847457627	0.01694915254237289
98	0.03870967741935484	0.07096774193548387	0
99	0.1076923076923077	0.18461538461538463	0
100	0.005076142131979695	0.005076142131979695	0.0
101	0.08629441624365482	0.116751269035533	0
102	0.043795620437956206	0.043795620437956206	0.0
103	0.019230769230769232	0.019230769230769232	0.0
104	0.056140350877192984	0.07719298245614035	0
105	0.0	0.0	0.0
106	0.0	0.0	0.0
107	0.0	0.0	0.0
108	0.1744186046511628	0.23837209302325582	0
109	0.3023255813953488	0.3023255813953488	0.0
110	0.06965174129353234	0.08955223880597014	0
111	0.17616580310880828	0.25906735751295334	0
112	0.32903225806451614	0.2838709677419355	0.04516129032258065
113	0.7033898305084746	0.4745762711864407	0.2288135593220339
114	0.22674418604651161	0.25	0
115	0.15695067264573992	0.07623318385650224	0.08071748878923768
116	0.0	0.0	0.0
117	0.0	0.0	0.0
118	0.004975124378109453	0.009950248756218905	0
119	0.07106598984771574	0.07614213197969544	0
120	0.011494252873563218	0.017241379310344827	0
121	0.18461538461538463	0.20512820512820512	0
122	0.2358974358974359	0.2	0.03589743589743588
123	0.015503875968992248	0.15503875968992248	0
124	0.32558139534883723	0.31976744186046513	0.005813953488372103
125	0.15384615384615385	0.16923076923076924	0
126	0.27011494252873564	0.22988505747126436	0.04022988505747127
127	0.06896551724137931	0.13793103448275862	0
128	0.08121827411167512	0.07106598984771574	0.01015228426395938
129	0.18220338983050846	0.13135593220338984	0.05084745762711862
130	0.0	0.0	0.0
131	0.029940119760479042	0.0	0.029940119760479042
132	0.24888888888888888	0.10666666666666667	0.1422222222222222
133	0.0	0.0	0.0
134	0.29596412556053814	0.32286995515695066	0
135	0.05416666666666667	0.0625	0
136	0.029940119760479042	0.04790419161676647	0
137	0.6666666666666666	0.6666666666666666	0.0
138	0.046632124352331605	0.08808290155440414	0
139	0.0	0.006289308176100629	0
140	0.0	0.0	0.0
141	0.0	0.0	0.0
142	0.0	0.019230769230769232	0
143	0.017241379310344827	0.028735632183908046	0
144	0.3269961977186312	0.3269961977186312	0.0
145	0.17870722433460076	0.1634980988593156	0.015209125475285162
146	0.24553571428571427	0.22321428571428573	0.022321428571428548
147	0.4915254237288136	0.5084745762711864	0
148	0.7076923076923077	0.7538461538461538	0
149	0.5384615384615384	0.5128205128205128	0.02564102564102566
150	0.6864406779661016	0.7711864406779662	0
151	0.27741935483870966	0.2903225806451613	0
152	0.22807017543859648	0.23508771929824562	0
153	0.29910714285714285	0.39285714285714285	0
154	0.24444444444444444	0.21333333333333335	0.03111111111111109
155	0.4258064516129032	0.5096774193548387	0
156	0.10222222222222223	0.12	0
157	0.31666666666666665	0.3458333333333333	0
158	0.24452554744525548	0.20072992700729927	0.043795620437956206
159	0.0	0.005747126436781609	0
160	0.18631178707224336	0.2737642585551331	0
161	0.2967741935483871	0.5096774193548387	0
162	0.2838709677419355	0.44516129032258067	0
163	0.29457364341085274	0.2713178294573643	0.023255813953488413
164	0.49230769230769234	0.6051282051282051	0
165	0.5282051282051282	0.4	0.1282051282051282
166	0.3592814371257485	0.33532934131736525	0.023952095808383256
167	0.4941860465116279	0.38953488372093026	0.10465116279069764
168	0.21666666666666667	0.20416666666666666	0.012500000000000011
169	0.5466666666666666	0.49333333333333335	0.05333333333333329
170	0.3916349809885932	0.41825095057034223	0
171	0.3620689655172414	0.43103448275862066	0
172	0.07096774193548387	0.2064516129032258	0
173	0.6322869955156951	0.6905829596412556	0
174	0.660377358490566	0.6163522012578616	0.04402515723270439
175	0.30416666666666664	0.2708333333333333	0.033333333333333326
176	0.7512437810945274	0.8407960199004975	0
177	0.15178571428571427	0.25892857142857145	0
178	0.43005181347150256	0.49740932642487046	0
179	0.06467661691542288	0.06965174129353234	0
180	0.38222222222222224	0.4	0
181	0.20192307692307693	0.21153846153846154	0
182	0.2966101694915254	0.2754237288135593	0.0211864406779661
183	0.8251121076233184	0.8026905829596412	0.022421524663677195
184	0.47115384615384615	0.38461538461538464	0.08653846153846151
185	0.3076923076923077	0.3076923076923077	0.0
186	0.08333333333333333	0.09166666666666666	0
187	0.4152542372881356	0.4872881355932203	0
188	0.31794871794871793	0.31794871794871793	0.0
189	0.004975124378109453	0.004975124378109453	0.0
190	0.17518248175182483	0.19708029197080293	0
191	0.0	0.0044444444444444444	0
192	0.11666666666666667	0.1375	0
193	0.0	0.0	0.0
194	0.0	0.004166666666666667	0
195	0.025423728813559324	0.025423728813559324	0.0
196	0.19487179487179487	0.24102564102564103	0
197	0.27411167512690354	0.3350253807106599	0
198	0.7979274611398963	0.3471502590673575	0.4507772020725388
199	0.2692307692307692	0.14423076923076922	0.125
200	0.44106463878326996	0.1482889733840304	0.29277566539923955
201	0.0	0.0	0.0
202	0.2330508474576271	0.23728813559322035	0
203	0.03553299492385787	0.06091370558375635	0
204	0.049429657794676805	0.07224334600760456	0
205	0.11612903225806452	0.10967741935483871	0.006451612903225809
206	0.2457627118644068	0.23728813559322035	0.008474576271186446
207	0.5044642857142857	0.4642857142857143	0.0401785714285714
208	0.19767441860465115	0.20348837209302326	0
209	0.7169811320754716	0.7044025157232704	0.012578616352201255
210	0.1065989847715736	0.15228426395939088	0
211	0.5538461538461539	0.6410256410256411	0
212	0.14925373134328357	0.16417910447761194	0
213	0.5574712643678161	0.5804597701149425	0
214	0.45255474452554745	0.583941605839416	0
215	0.2694300518134715	0.24870466321243523	0.020725388601036288
216	0.03482587064676617	0.0	0.03482587064676617
217	0.20754716981132076	0.15723270440251572	0.05031446540880505
218	0.7085201793721974	0.5426008968609866	0.1659192825112108
219	0.4807692307692308	0.34615384615384615	0.13461538461538464
220	0.20416666666666666	0.2125	0
221	0.21935483870967742	0.23870967741935484	0
222	0.046511627906976744	0.05426356589147287	0
223	0.0	0.0	0.0
224	0.4266666666666667	0.26666666666666666	0.16000000000000003
225	0.3270440251572327	0.22641509433962265	0.10062893081761004
226	0.5174129353233831	0.5024875621890548	0.01492537313432829
227	0.3218390804597701	0.3505747126436782	0
228	0.37823834196891193	0.3471502590673575	0.031088082901554404
229	0.029850746268656716	0.04477611940298507	0
230	0.48427672955974843	0.15723270440251572	0.32704402515723274
231	0.09644670050761421	0.01015228426395939	0.08629441624365482
232	0.5673076923076923	0.04807692307692308	0.5192307692307692
233	0.10152284263959391	0.07106598984771574	0.030456852791878167
234	0.676923076923077	0.4358974358974359	0.24102564102564106
235	0.06598984771573604	0.05583756345177665	0.010152284263959394
236	0.45348837209302323	0.37790697674418605	0.07558139534883718
237	0.3357664233576642	0.35766423357664234	0
238	0.0	0.004166666666666667	0
239	0.04484304932735426	0.05829596412556054	0
240	0.0	0.0	0.0
241	0.0	0.0	0.0
242	0.004975124378109453	0.009950248756218905	0
243	0.007751937984496124	0.015503875968992248	0
244	0.0	0.0	0.0
245	0.0625	0.07142857142857142	0
246	0.11678832116788321	0.12773722627737227	0
247	0.11612903225806452	0.13548387096774195	0
248	0.4752851711026616	0.4448669201520912	0.03041825095057038
249	0.5970149253731343	0.6218905472636815	0
250	0.09883720930232558	0.12790697674418605	0
251	0.6918238993710691	0.6981132075471698	0
252	0.5576923076923077	0.5769230769230769	0
253	0.5025906735751295	0.533678756476684	0
254	0.4	0.3548387096774194	0.04516129032258065
255	0.12903225806451613	0.14193548387096774	0
256	0.2064516129032258	0.2645161290322581	0
257	0.038461538461538464	0.04807692307692308	0
258	0.010526315789473684	0.021052631578947368	0
259	0.19186046511627908	0.1744186046511628	0.017441860465116282
260	0.06201550387596899	0.0	0.06201550387596899
261	0.08653846153846154	0.20192307692307693	0
262	0.24806201550387597	0.27906976744186046	0
263	0.03875968992248062	0.03875968992248062	0.0
264	0.03875968992248062	0.023255813953488372	0.015503875968992248
265	0.0076045627376425855	0.015209125475285171	0
266	0.0	0.0038022813688212928	0
267	0.017241379310344827	0.017241379310344827	0.0
268	0.028846153846153848	0.038461538461538464	0
269	0.23954372623574144	0.2623574144486692	0
270	0.024875621890547265	0.01990049751243781	0.004975124378109454
271	0.3991031390134529	0.4349775784753363	0
272	0.5094339622641509	0.4528301886792453	0.05660377358490565
273	0.1678832116788321	0.15328467153284672	0.014598540145985384
274	0.3023255813953488	0.23837209302325582	0.063953488372093
275	0.004166666666666667	0.0	0.004166666666666667
276	0.029850746268656716	0.0	0.029850746268656716
277	0.0	0.004975124378109453	0
278	0.3177966101694915	0.3135593220338983	0.004237288135593209
279	0.022813688212927757	0.030418250950570342	0
280	0.15897435897435896	0.18461538461538463	0
281	0.5422222222222223	0.5822222222222222	0
282	0.676923076923077	0.5692307692307692	0.10769230769230775
283	0.17307692307692307	0.04807692307692308	0.125
284	0.3546511627906977	0.3430232558139535	0.011627906976744207
285	0.02030456852791878	0.04060913705583756	0
286	0.3372093023255814	0.3546511627906977	0
287	0.33678756476683935	0.34196891191709844	0
288	0.03875968992248062	0.06976744186046512	0
289	0.034482758620689655	0.06321839080459771	0
290	0.0	0.0051813471502590676	0
291	0.041916167664670656	0.08982035928143713	0
292	0.4263565891472868	0.5271317829457365	0
293	0.26865671641791045	0.2885572139303483	0
294	0.3316062176165803	0.40414507772020725	0
295	0.660377358490566	0.1320754716981132	0.5283018867924528
296	0.43781094527363185	0.07462686567164178	0.36318407960199006
297	0.05806451612903226	0.07741935483870968	0
298	0.4177777777777778	0.2222222222222222	0.1955555555555556
299	0.36046511627906974	0.029069767441860465	0.3313953488372093
300	0.19491525423728814	0.13983050847457626	0.055084745762711884
301	0.15568862275449102	0.1377245508982036	0.017964071856287428