resi	pos	count	mean_exp_score_rep1	mean_exp_score_rep2
Q14	14	1.0	0.18571978386851706	-0.061400429673438665
C15	15	1.0	0.493595317916998	0.28508715372661453
V16	16	19.0	1.0114164064612905	0.9045166134932121
N17	17	17.0	0.9918662559801172	0.8063103783374883
L18	18	19.0	1.012996949316642	1.1477904413004563
T19	19	13.0	1.0077059813125187	0.874319602927215
T20	20	17.0	1.122367716006035	1.2958369509203171
R21	21	11.0	1.1116875727610729	1.3845088307283675
T22	22	3.0	0.8389839438628931	0.8066183686948515
Q23	23	7.0	0.9324740222986024	0.8535270884656391
L24	24	19.0	1.084280745643833	1.045844061654324
P25	25	19.0	1.1152669076561048	1.2868088930323252
P26	26	19.0	0.9950988488695527	1.025794991464953
A27	27	11.0	0.9602544948728127	1.1310017538737958
Y28	28	7.0	0.9240902183167206	0.9637124788671675
T29	29	8.0	0.9069633193543798	0.6771349982182878
N30	30			
S31	31	1.0	0.7481647607812408	0.11733346095416665
F32	32	19.0	0.8780347831955505	0.9798786057446132
T33	33	19.0	0.9482087241278767	0.9182021556736766
R34	34	19.0	0.7379798388240696	0.7966863264145784
G35	35	10.0	0.8415992917592247	0.963258387651701
V36	36	4.0	1.0929261364932943	0.8237387359327015
Y37	37	8.0	0.6393068294736606	0.49263974915232084
Y38	38	7.0	0.6826953450286063	0.4134311433632584
P39	39	3.0	1.3191620871800784	1.4355472265989155
D40	40	18.0	0.6797631635181891	0.685197242667155
K41	41	19.0	0.7623104587138982	0.868600228364755
V42	42	19.0	0.9202037805231816	0.8504204203972051
F43	43	19.0	0.9472139664065329	0.922067136756104
R44	44	17.0	0.9514529537905294	0.82120006479728
S45	45	2.0	0.6333581589385386	0.9056321873542833
S46	46			
V47	47			
L48	48	19.0	0.8876761197784918	0.7080834041399345
H49	49	19.0	0.8372548079954008	0.8565766263610796
S50	50	18.0	1.1727689605204004	1.1602209904199003
T51	51	18.0	0.9086437391727031	0.8494975586453389
Q52	52	18.0	0.8709796609499872	0.7395160817001604
D53	53	15.0	0.857541821461823	0.9776619739072614
L54	54			
F55	55	4.0	0.8247593177344875	0.9102863646400191
L56	56	19.0	0.8584191489830166	0.6322627244495949
P57	57	17.0	0.9265974381511017	0.8002750741875005
F58	58	18.0	0.7877706625243722	0.8617766254690968
F59	59	19.0	0.8820740436470738	0.8788494428892243
S60	60	14.0	0.8140426650947532	0.7342887512520215
N61	61	5.0	0.7834800854268484	1.052064782288206
V62	62	2.0	0.8730316903978251	0.9827143713873958
T63	63	2.0	0.7238447389890124	0.9192826710944504
W64	64	17.0	1.1782777649117075	1.5042443761158215
F65	65	17.0	1.0119482492712704	0.9334296066197859
H66	66	14.0	1.0295316801089602	1.249146095414323
A67	67	16.0	0.8475805714197395	1.0229127799982618
I68	68	18.0	0.9584498035140481	0.8966325161209051
H69	69	15.0	1.223686738340863	1.3484355963222785
V70	70	1.0	0.8754599038745803	0.11034825870349096
S71	71	1.0	1.0019757502502844	1.5119595770425465
G72	72	17.0	1.0928599477009422	0.9816771361003537
T73	73	17.0	1.0060289380803547	0.8776022993445576
N74	74	16.0	0.920359619587139	0.9248374041813635
G75	75	6.0	0.6854500906773265	0.6315247170632897
T76	76	3.0	0.9440261264189154	1.0293724628017178
K77	77			
R78	78	1.0	1.5878711349417483	1.56872959536738
F79	79	10.0	0.9622142322626225	1.2046726644728012
D80	80	17.0	0.9076550833788595	1.0078962543004641
N81	81	13.0	0.9737699744960947	0.9040476872784651
P82	82	19.0	0.9472566540270678	0.8274716656704706
V83	83	19.0	0.8806311174428373	0.7957053490175463
L84	84	18.0	0.7912828856588582	0.7059347568029475
P85	85			
F86	86	3.0	0.75000351795399	0.6671606425664437
N87	87	14.0	0.8031903181899905	0.8434340269656585
D88	88	9.0	0.7590219514514831	0.631015332408042
G89	89	6.0	0.7432375885194409	0.5221372982183646
V90	90	19.0	0.9417073316081863	0.8608830000760979
Y91	91	19.0	0.8672308345259101	0.7244730982093391
F92	92	17.0	0.8260059859873095	0.8316619486964612
A93	93			
S94	94	3.0	0.9790078493759319	0.8013898118843364
T95	95	6.0	0.9760920097841989	0.7837052301614592
E96	96	7.0	0.9741998606411153	0.965079377116089
K97	97	11.0	1.0984351792090825	1.0953453609426427
S98	98	19.0	1.0863942922623688	1.1290490731918326
N99	99	19.0	0.9902413557109172	0.8799190134492351
I100	100	19.0	1.0016626367070143	0.9895200981634452
I101	101	1.0	0.5095403138253222	1.265632607185435
R102	102	3.0	0.7005981065872219	0.40601622856556574
G103	103	3.0	0.6464213406994633	0.6617058216167695
W104	104	2.0	0.7583453869370262	0.53608890783726
I105	105	5.0	0.8718065237085486	0.9829645921589126
F106	106	19.0	0.8016012129711994	0.788132164951427
G107	107	19.0	0.8102532991489442	0.6243646033859154
T108	108	19.0	0.8761575951183035	0.807348129376459
T109	109	4.0	0.747686344187702	0.28210680989680176
L110	110	5.0	0.6341471347784584	0.8060207802801408
D111	111	13.0	0.7438399645587503	0.655563933068277
S112	112	15.0	0.7738520394369054	1.1410953720944788
K113	113	9.0	1.057558297521361	1.0920467836856527
T114	114	19.0	0.9335969108314707	0.8735069291372989
Q115	115	19.0	0.8474995136814507	0.6728807736466351
S116	116	18.0	0.7989188216684526	0.6966689680564898
L117	117			
L118	118	9.0	0.9129180309419309	0.7805228910371356
I119	119	10.0	0.8313194707954119	0.7903445273443808
V120	120	11.0	0.8917041105638712	1.241886236771171
N121	121	11.0	0.9663589218450691	0.8438681869033883
N122	122	19.0	0.8321740124810898	0.7434321359570882
A123	123	19.0	0.9789571227895678	0.9362204445480153
T124	124	19.0	0.8544701835436257	0.8929142585790677
N125	125	3.0	0.6728043861983487	0.9185897316747221
V126	126	7.0	0.6851268522674915	0.8091981287255541
V127	127	14.0	0.8613844607475725	0.834714967189161
I128	128	14.0	0.881475612640269	1.101671150738397
K129	129	10.0	0.6756338224214749	0.8343444094380965
V130	130	19.0	0.8453700452409714	0.7430583134553127
C131	131	19.0	0.83179403341643	0.5996331951427445
E132	132	19.0	0.9653400439849428	1.0314763287004982
F133	133			
Q134	134	4.0	0.6093143726470491	0.6157907793423869
F135	135	7.0	0.7801341859204411	1.0900389635137677
C136	136	12.0	0.928465126101308	0.8406036710597743
N137	137	7.0	0.972031143888457	0.9924115859121608
D138	138	19.0	0.9793425561104011	0.8922258737525737
P139	139	18.0	0.9109945042377211	0.8467320092684804
F140	140	17.0	0.9619026829683032	0.9031634806521495
L141	141	1.0	0.6864011269763345	1.1498472029592361
G142	142	18.0	1.186709886099354	1.2550016505613515
V143	143	12.0	1.0693552439176641	1.0782305203557305
Y144	144	17.0	1.1565209567046828	1.0455244624796587
Y145	145	18.0	1.0741498974551469	1.0594663837075258
H146	146	19.0	1.0962338110770466	1.0231154965838314
K147	147	19.0	0.9466387821671525	1.0912585716589531
N148	148	14.0	1.0519587606322063	0.8790244891170217
N149	149	10.0	1.0398605189484686	0.8557589371953064
K150	150	10.0	0.7396527596335604	1.052618407841019
S151	151	17.0	1.0869839099033898	0.892583287981423
W152	152	16.0	1.053563001309998	0.986280708555725
M153	153	11.0	1.1342368231748807	0.9761167501855652
E154	154	3.0	0.9374416739594066	1.1717265893382407
S155	155			
E156	156	17.0	1.032042706166838	0.8988838303840138
F157	157	18.0	1.1097259090244986	1.1296628360903975
R158	158	16.0	1.0418297481655234	1.2999110249952595
V159	159	15.0	1.0018367082207775	0.8942131110898741
Y160	160	17.0	1.0053817574005324	0.7780370866937181
S161	161	17.0	0.8639813945535321	0.6474927316961961
S162	162	19.0	0.9156078648098082	0.8242462782230123
A163	163	11.0	0.8235818329284761	0.5559913489070432
N164	164	11.0	0.9890171353934476	0.8876143422781315
N165	165	6.0	0.508477987444702	0.6748109587788608
C166	166	11.0	0.6554292537260532	0.5419009446319782
T167	167	7.0	0.8592900902977885	0.9046910746169731
F168	168	11.0	0.6648286793414271	0.5095937148338923
E169	169	12.0	0.9444600064395415	0.8015045197735889
Y170	170	19.0	0.92377643544992	0.8803989405171191
V171	171	7.0	0.9382281041607339	0.9668696887560309
S172	172	7.0	0.8224558120585141	0.8589967215464558
Q173	173	2.0	0.7125123401236568	1.1517498174435463
P174	174	15.0	0.9450275589151247	0.9640756552467534
F175	175	13.0	0.8973555607919497	1.0770989729204599
L176	176	16.0	0.9134204732529835	1.0323538410110784
M177	177	18.0	1.0854359312053805	1.1594081735192876
D178	178	19.0	0.8564213799352047	0.7154767678393662
L179	179	15.0	1.0748050942088834	1.303535471094684
E180	180	11.0	0.9160053885141148	1.0408343127991964
G181	181	11.0	1.0177368371304842	0.9450080381998657
K182	182	13.0	0.9205529731213234	1.3285929077707441
Q183	183	9.0	0.9965747853988172	1.1861030365331813
G184	184	18.0	0.8733613562327294	0.9388716098047953
N185	185	15.0	1.0071720034961757	0.9247052571342892
F186	186	19.0	1.0431707407139816	1.2537966351563063
K187	187	8.0	1.0898980049288216	1.1706328741682137
N188	188	8.0	0.9405463989584792	1.104579258940043
L189	189	3.0	0.7304658441758253	0.604535095173221
R190	190	12.0	0.8198862509903672	0.8701092620920955
E191	191	9.0	0.6899973597187875	0.6422159529154801
F192	192	14.0	0.7022540138308997	0.8045672210862699
V193	193	15.0	0.6962437872994887	0.7613699582537811
F194	194	19.0	0.8308249346894041	0.8548264310202881
K195	195	13.0	0.7512413353979427	0.8571006238661375
N196	196	8.0	0.6699352251661728	1.033515817830109
I197	197	16.0	0.9685386360628122	0.8197521210506936
D198	198	16.0	0.8493635523079823	0.7422522242201206
G199	199	9.0	0.7978325042441013	0.49617093512479127
Y200	200	13.0	0.9022451293752719	0.8138418952617337
F201	201	16.0	0.8475144238811712	0.65280024127959
K202	202	19.0	0.9207955486275389	0.9651313199222554
I203	203	9.0	0.9470375068146311	0.8505251697177334
Y204	204	8.0	0.8488196368833006	0.8390391140625533
S205	205	5.0	0.9962286022644278	0.8618564542272648
K206	206	19.0	0.8779672737086204	0.7577389733196453
H207	207	18.0	0.9382669808653615	0.8448577838817948
T208	208	19.0	0.7360756177797616	0.7332561130656257
P209	209	18.0	1.0195120218853673	1.1427998983076588
I210	210	12.0	1.0799731915853514	0.7916108835079488
N211	211	15.0	1.0018815421635887	0.8676922666617944
L212	212	16.0	0.9460897263745478	1.0064139650261426
V213	213	12.0	1.0712330350561567	1.361953700553613
R214	214	3.0	1.3772153914719734	1.4482599695762748
D215	215	17.0	0.8997753043168442	0.8320581674767821
L216	216	17.0	0.7564922897937175	0.8877498421179052
P217	217	16.0	0.8320918890963254	0.9411393804268116
Q218	218	18.0	0.927812512370244	0.9680975004976909
G219	219	12.0	1.0595298890085039	0.9686733426404744
F220	220	10.0	0.8321392232061999	0.6859126357577912
S221	221	19.0	0.8341462908547356	0.8725468131729283
A222	222	13.0	0.9179583675211691	1.0335317045009778
L223	223	18.0	0.8364822867758264	0.8740989059264834
E224	224	17.0	1.10057139789054	1.0700921027613066
P225	225	19.0	1.0191647109693105	0.8144622471144313
L226	226	16.0	0.9828362479825303	0.8182297355426672
V227	227	18.0	1.0184151366835879	0.9794361845178035
D228	228	17.0	0.8089786776921503	0.7671159967093819
L229	229	16.0	0.908513764862689	0.8852967530683459
P230	230	19.0	0.9194606434688327	0.8527532072049222
I231	231	17.0	0.8492769191057634	0.8039290793808976
G232	232	18.0	1.0916452727712875	1.22370757643871
I233	233	19.0	0.8666403942500888	0.7441814090470643
N234	234	19.0	0.8176376886918767	0.7958624655383469
I235	235	16.0	0.8568128247019994	0.6759872636109276
T236	236	15.0	0.8548549664422972	0.6872842036829719
R237	237	9.0	0.7789205173971949	0.7232079211523973
F238	238	14.0	0.7887237666312658	0.803534413691627
Q239	239	18.0	0.9566176282570409	1.0744286575951216
T240	240	15.0	1.0445108845689755	0.873050001872236
L241	241	19.0	0.8791198473686123	0.9188441084554386
L242	242	16.0	1.0160610708162905	1.0568425878054808
A243	243	17.0	0.9226135611007054	0.9566218300144873
L244	244	14.0	1.0468858440978734	1.2049558431209892
H245	245	14.0	0.9621221075276144	1.07328457316123
R246	246	19.0	1.0393895358796845	1.185912297045599
S247	247	17.0	1.1605918808236702	1.108238434106031
Y248	248	14.0	1.0888741425921062	0.9647392846355594
L249	249	19.0	1.0346878601404463	1.078340149705258
T250	250	15.0	1.287601626839922	1.5731510803746505
P251	251	17.0	1.1137607969176002	1.1520617165338576
G252	252	16.0	1.1726143108246858	1.3213900436366088
D253	253	9.0	0.8989863253419208	0.8860433804909102
S254	254	7.0	0.940903770508907	1.0571664007677735
S255	255	13.0	1.2008051865505895	1.2163517411473288
S256	256	9.0	1.0027055423328033	1.1922447526655267
G257	257	18.0	1.087736326494011	1.1812393639447816
W258	258	12.0	0.976535386045057	1.0747577670695163
T259	259	15.0	1.0607404011998234	1.389143606382999
A260	260			
G261	261	17.0	1.0347213585417734	1.1000084893868716
A262	262	19.0	0.9851226202716399	0.9558441830842643
A263	263	18.0	0.9090932801294649	1.0494370480558335
A264	264	19.0	1.0690540274306508	1.046183989291283
Y265	265	19.0	0.9855691037497776	1.037786719362216
Y266	266	19.0	1.0092503604646006	1.0118458046053251
V267	267	18.0	0.8578233499893817	0.7874081629032096
G268	268	18.0	0.8468328892302898	0.7891674633475269
Y269	269	7.0	0.7330564669829698	0.5537346559577454
L270	270	17.0	0.7329817849756364	0.8573938481741109
Q271	271	16.0	0.893948726147205	0.9992396093472558
P272	272	19.0	0.7718563787225825	0.7866499855558381
R273	273	14.0	0.8751842188133884	0.817431814308922
T274	274	12.0	0.9925577378684176	0.9311234242895178
F275	275	11.0	0.8015482201529924	0.9041722701064913
L276	276	6.0	1.0083742265577276	0.6854956199667117
L277	277	11.0	0.9962500664786156	0.5843785734620488
K278	278	16.0	1.1136771760979798	0.9028111103334149
Y279	279	17.0	0.8887643813790259	0.9417039170833736
N280	280	18.0	1.099672262045523	1.106703938171406
E281	281	16.0	1.026744555082707	1.0043419377537564
N282	282	18.0	1.0790758335469093	0.9758800979616848
G283	283	19.0	1.0266283213232357	0.9269944461840409
T284	284	13.0	1.0268196790719069	0.8053025299315884
I285	285	11.0	0.8517953167508974	0.9232615782662733
T286	286	16.0	0.7908501506530022	0.6880648642071763
D287	287	18.0	0.8362264017763059	0.7536090642531228
A288	288	19.0	0.9359015401340196	0.7397140126011494
V289	289	17.0	1.0032845119814218	0.8158272503075762
D290	290	1.0	0.3329047839322421	0.0505870554243926
C291	291	18.0	1.0274525766680311	0.6911190119531234
A292	292	17.0	0.9372258605904655	0.9161872504554128
L293	293	13.0	0.8926602317693685	0.8102984314316897
D294	294	16.0	0.9249036525382719	0.7962080290731426
P295	295	15.0	0.7634076681558039	0.6601715976415637
L296	296	19.0	0.7879340775441754	0.7195541062381544
S297	297	19.0	0.8359296242207473	0.8161655073235605
E298	298	18.0	0.8343470609248693	0.8187530463746678
T299	299	16.0	0.9678149804654058	1.1976676432819007
K300	300	12.0	0.7095362496591094	0.7766586005767729
C301	301	11.0	0.8383729491186201	0.7245507983120256
