resi	pos	count	mean_exp_score
Q14	14	1.0	0.010143811976636313
C15	15		
V16	16	18.0	1.1214588942464454
N17	17	17.0	0.9935891441611853
L18	18	19.0	1.199875742811883
T19	19	13.0	1.0661918315044714
T20	20	13.0	1.2646421159254757
R21	21	11.0	1.5132660001626916
T22	22	1.0	2.280054858402372
Q23	23	4.0	1.0225180413427157
L24	24	19.0	1.0902147444529697
P25	25	18.0	1.287083543077384
P26	26	19.0	1.0715580419121333
A27	27	9.0	1.1186998718751906
Y28	28	6.0	0.9536873870406732
T29	29	9.0	0.8986398725627883
N30	30		
S31	31		
F32	32	19.0	0.9383792447231984
T33	33	18.0	1.044091129281345
R34	34	19.0	0.8199896438751699
G35	35	10.0	0.9836391229255085
V36	36	6.0	0.9850932088212415
Y37	37	6.0	0.8261242649900686
Y38	38	8.0	0.8164308225549424
P39	39	4.0	0.8205079166980482
D40	40	19.0	0.726549709339128
K41	41	19.0	0.7913441616651992
V42	42	18.0	0.9228022660123284
F43	43	18.0	0.9776605940047537
R44	44	18.0	0.9796967789959238
S45	45	3.0	0.7852564207070686
S46	46		
V47	47		
L48	48	18.0	0.8576627279260642
H49	49	19.0	0.8661486932837711
S50	50	19.0	1.314773843603274
T51	51	17.0	0.933247353828857
Q52	52	17.0	0.900461009120865
D53	53	14.0	0.8642542937362956
L54	54		
F55	55	5.0	1.0010107065438116
L56	56	19.0	0.7821692124010365
P57	57	18.0	0.9185947945059448
F58	58	19.0	0.858358213820638
F59	59	17.0	0.9800281589593034
S60	60	12.0	0.9743450413122904
N61	61	5.0	0.8109551345930545
V62	62	3.0	1.0744401036312683
T63	63	1.0	1.5506045043923744
W64	64	17.0	1.688656202490228
F65	65	19.0	1.0691762714326878
H66	66	14.0	1.200738526452552
A67	67	15.0	0.9713235430978524
I68	68	17.0	0.9408165611936288
H69	69	11.0	1.5655300852816365
V70	70		
S71	71	2.0	1.3566291007835418
G72	72	17.0	1.1637364648881483
T73	73	15.0	0.9751207783295279
N74	74	18.0	1.0013028557465016
G75	75	7.0	0.8551867782225646
T76	76	3.0	1.1221996682193274
K77	77		
R78	78		
F79	79	11.0	1.1806935422147686
D80	80	18.0	1.051106248193491
N81	81	8.0	0.9663618959593819
P82	82	19.0	0.9301046864350825
V83	83	18.0	0.9072266592414316
L84	84	17.0	0.8108602573072973
P85	85		
F86	86	6.0	0.9824693548441604
N87	87	12.0	0.9661237125323437
D88	88	7.0	0.8621910931949428
G89	89	7.0	0.7988805103219256
V90	90	19.0	0.9695507399772992
Y91	91	19.0	0.8300256575912832
F92	92	18.0	0.9203685362121186
A93	93	1.0	-0.008546594567569296
S94	94	2.0	0.8633967267924466
T95	95	7.0	1.1753726594598815
E96	96	5.0	1.16414087262983
K97	97	7.0	1.4995252111357478
S98	98	19.0	1.233582161985301
N99	99	19.0	1.0519160102924634
I100	100	16.0	1.102736130032919
I101	101	3.0	1.6104800535391572
R102	102	1.0	0.8465254972357071
G103	103	7.0	0.9311728007635577
W104	104	3.0	0.5452259759731213
I105	105	8.0	1.048168059448322
F106	106	19.0	0.8640501202111993
G107	107	19.0	0.7310517376340865
T108	108	19.0	0.8862498926787014
T109	109	2.0	-0.04666136852773163
L110	110	11.0	0.8588681477080368
D111	111	12.0	0.7426070356777051
S112	112	16.0	1.0447518177125823
K113	113	11.0	1.1856535040716798
T114	114	19.0	0.9755817300038503
Q115	115	19.0	0.8417508887899033
S116	116	19.0	0.8202035691195421
L117	117		
L118	118	6.0	0.8527429821648532
I119	119	10.0	0.8793006619024883
V120	120	14.0	1.1960870153495
N121	121	12.0	0.853012370445418
N122	122	19.0	0.8345438417016235
A123	123	19.0	1.0218263990199932
T124	124	19.0	0.9824814154802312
N125	125	3.0	0.8579224292092217
V126	126	6.0	0.8024183724308552
V127	127	13.0	0.9199911607168351
I128	128	13.0	0.9606574518375013
K129	129	9.0	0.7879308496748592
V130	130	19.0	0.8555929392359346
C131	131	19.0	0.7763008060581178
E132	132	19.0	1.1027378082018813
F133	133		
Q134	134	5.0	0.6134893174855133
F135	135	9.0	0.8836466209960219
C136	136	11.0	1.0763613553758782
N137	137	6.0	1.1994400509863903
D138	138	18.0	1.0812853677682392
P139	139	19.0	0.9375890407373157
F140	140	17.0	1.0502357104549926
L141	141		
G142	142	17.0	1.453774621646531
V143	143	9.0	1.2115112563086798
Y144	144	17.0	1.2146820135915921
Y145	145	18.0	1.2166357364985465
H146	146	19.0	1.215138267382164
K147	147	15.0	1.1038191786229694
N148	148	16.0	0.9591612604306612
N149	149	8.0	1.1553449705680925
K150	150	7.0	1.0016246460939873
S151	151	17.0	1.12840097986081
W152	152	15.0	1.0713813816756506
M153	153	12.0	1.2213165741568002
E154	154	2.0	1.3158975783407443
S155	155		
E156	156	14.0	1.1165464801572684
F157	157	18.0	1.3603367912307114
R158	158	12.0	1.3148970718063648
V159	159	15.0	1.0887881411302776
Y160	160	16.0	0.8631059132070878
S161	161	17.0	0.736045400963292
S162	162	19.0	0.8946224131451146
A163	163	10.0	0.725379016564184
N164	164	9.0	1.0209194637363774
N165	165	12.0	0.7005451621801974
C166	166	8.0	0.5767580498976206
T167	167	7.0	0.8057242074640412
F168	168	16.0	0.724422034714434
E169	169	18.0	0.9168298491175331
Y170	170	19.0	0.9357581172301754
V171	171	7.0	0.9381799192456047
S172	172	8.0	0.7999414517304531
Q173	173	2.0	0.9999482517545906
P174	174	14.0	1.0087274903296122
F175	175	12.0	0.8881679246271199
L176	176	16.0	1.0360518334336277
M177	177	15.0	1.2457638830985507
D178	178	19.0	0.7970773512835804
L179	179	13.0	1.1718022818384481
E180	180	8.0	1.1496314910814784
G181	181	10.0	0.9799273068346158
K182	182	13.0	1.119499593309829
Q183	183	7.0	0.9214478101660912
G184	184	16.0	1.0215491588240748
N185	185	16.0	0.9108665988249426
F186	186	19.0	1.2754592726119387
K187	187	4.0	1.1381518053348543
N188	188	6.0	0.9955951338884885
L189	189	6.0	0.7369210137500302
R190	190	11.0	0.9274678063108083
E191	191	11.0	0.7712327363920424
F192	192	16.0	0.7785659589013804
V193	193	17.0	0.7195438181567954
F194	194	19.0	0.872347999145111
K195	195	15.0	0.9069481658997184
N196	196	9.0	1.1024353500155717
I197	197	13.0	0.8958090494515744
D198	198	16.0	0.7494003943560449
G199	199	11.0	0.7176539730379106
Y200	200	14.0	0.8165580522183035
F201	201	18.0	0.7891064458632765
K202	202	19.0	0.9602343989582734
I203	203	10.0	1.022104582413469
Y204	204	7.0	0.584825609080202
S205	205	4.0	0.6798607571511549
K206	206	19.0	0.8526962616883648
H207	207	17.0	0.9027256087045188
T208	208	19.0	0.7176138046466248
P209	209	18.0	1.0410396278486127
I210	210	14.0	0.8600863489301825
N211	211	11.0	0.8940982921538378
L212	212	9.0	0.7972397640899415
V213	213	9.0	1.2811967689976256
R214	214	4.0	0.6852490464131306
D215	215	16.0	0.9538513717064643
L216	216	18.0	0.8269870051826833
P217	217	16.0	0.9481035993158383
Q218	218	17.0	1.0034270330599224
G219	219	12.0	1.046888453758201
F220	220	12.0	0.8995562712178214
S221	221	19.0	0.8320446940661458
A222	222	12.0	1.0105163513137179
L223	223	19.0	0.8719185779974442
E224	224	18.0	1.1884306208937503
P225	225	17.0	1.0111363196606291
L226	226	17.0	0.9199435849054504
V227	227	19.0	1.0672092446540837
D228	228	17.0	0.8277994997093712
L229	229	15.0	0.9322372967718574
P230	230	19.0	0.9286874840810712
I231	231	17.0	0.8759198922770604
G232	232	18.0	1.305474746775364
I233	233	19.0	0.8032735402076641
N234	234	19.0	0.8014736645628832
I235	235	18.0	0.7210249869342437
T236	236	15.0	0.8706757640877323
R237	237	13.0	0.6987261055215632
F238	238	18.0	0.8171657208685542
Q239	239	19.0	1.0126584599486932
T240	240	17.0	0.994907532934101
L241	241	19.0	0.9342836986542579
L242	242	17.0	1.0429754803215552
A243	243	16.0	0.9583214591598307
L244	244	15.0	1.2021981950701843
H245	245	14.0	1.0574084182407575
R246	246	18.0	1.2297151321913635
S247	247	17.0	1.1444787903784879
Y248	248	16.0	1.097501225352088
L249	249	18.0	1.1258861919901983
T250	250	15.0	1.7028727774571888
P251	251	15.0	1.1802853743202817
G252	252	14.0	1.4100742230350185
D253	253	7.0	1.0566360452584573
S254	254	9.0	1.2384106824140857
S255	255	14.0	1.3025332939060839
S256	256	10.0	1.1712683164117828
G257	257	18.0	1.2083024596187149
W258	258	11.0	1.195692695023424
T259	259	11.0	1.4287601741776945
A260	260	1.0	1.8396504241173972
G261	261	15.0	1.1517146179263886
A262	262	19.0	1.0196391114878458
A263	263	19.0	1.0632910804361222
A264	264	19.0	1.1360290779910913
Y265	265	19.0	1.1038426333622253
Y266	266	19.0	1.0700797641266468
V267	267	19.0	0.8501040856859842
G268	268	17.0	0.8470055345871301
Y269	269	11.0	0.6720810461182224
L270	270	18.0	0.7812333068643863
Q271	271	15.0	0.9374591629072339
P272	272	19.0	0.7698181350550433
R273	273	16.0	0.9099048262794976
T274	274	12.0	0.9399643921473326
F275	275	16.0	0.999197111226156
L276	276	10.0	0.7658781020125451
L277	277	10.0	0.8407564253733326
K278	278	17.0	1.0499906342520955
Y279	279	18.0	0.9569416441124687
N280	280	18.0	1.246801239710461
E281	281	14.0	1.0926326601077803
N282	282	19.0	1.0537626005284841
G283	283	19.0	1.0547929177077446
T284	284	12.0	1.0180423274897967
I285	285	8.0	1.0176228052221583
T286	286	14.0	0.7665508220413111
D287	287	18.0	0.8665947512643184
A288	288	19.0	0.8470390298180143
V289	289	17.0	0.9244345065097208
D290	290	1.0	0.7492812130834884
C291	291	18.0	0.9668881861021714
A292	292	17.0	1.0728770548167348
L293	293	13.0	0.9556673962021145
D294	294	15.0	0.8940089810839658
P295	295	18.0	0.865348327645399
L296	296	18.0	0.7701683666381652
S297	297	19.0	0.8990669919833315
E298	298	19.0	0.84096980829072
T299	299	17.0	1.2061594485538365
K300	300	12.0	0.818210557949845
C301	301	11.0	0.7649677643937619
