pos	Bfactor
14	87.1
15	86.61
16	82.47
17	86.56
18	76.81
19	77.9
20	79.21
21	76.45
22	83.59
23	88.73
24	83.1
25	80.12
26	74.86
27	62.07
28	61.67
29	48.71
30	45.9
31	42.02
32	45.07
33	35.74
34	34.16
35	25.53
36	23.54
37	19.72
38	20.32
39	22.96
40	23.01
41	22.81
42	18.62
43	19.06
44	21.92
45	22.38
46	25.02
47	24.72
48	24.4
49	22.62
50	26.72
51	26.31
52	30.24
53	29.27
54	22.96
55	21.78
56	24.53
57	26.52
58	29.13
59	36.3
60	39.01
61	54.04
62	39.75
63	38.4
64	42.91
65	33.52
66	51.54
67	59.07
68	75.54
69	82.63
70	82.88
76	81.13
77	79.24
78	75.36
79	65.0
80	59.01
81	46.43
82	34.64
83	25.49
84	23.41
85	23.29
86	22.39
87	26.23
88	31.19
89	20.39
90	19.17
91	20.88
92	21.52
93	24.56
94	33.79
95	43.38
96	54.59
97	67.5
98	66.44
99	58.67
100	51.38
101	41.32
102	39.68
103	25.39
104	20.85
105	21.69
106	20.06
107	20.67
108	29.37
109	36.27
110	33.16
111	40.89
112	40.36
113	41.5
114	36.58
115	29.65
116	25.26
117	21.3
118	23.58
119	24.7
120	32.77
121	42.88
122	55.07
123	58.64
124	57.14
125	51.41
126	40.35
127	32.24
128	27.99
129	27.98
130	27.82
131	33.88
132	40.47
133	33.07
134	42.24
135	37.74
136	56.04
137	65.84
138	63.86
139	54.86
140	56.07
141	55.9
142	66.88
143	75.05
144	87.99
145	93.89
146	102.06
147	104.53
148	108.41
149	107.86
150	101.38
151	96.76
152	89.39
153	91.35
154	76.51
155	77.68
156	72.99
157	59.2
158	60.96
159	48.69
160	42.37
161	44.89
162	45.45
163	46.22
164	54.07
165	49.61
166	46.41
167	34.95
168	29.95
169	34.77
170	38.85
171	42.76
172	52.03
173	63.82
174	63.22
175	60.22
176	68.03
177	72.18
178	80.89
179	80.71
180	82.23
181	78.53
182	79.17
183	84.24
184	77.39
185	74.8
186	65.12
187	63.62
188	52.94
189	39.12
190	35.16
191	25.72
192	19.78
193	22.16
194	25.5
195	21.11
196	21.76
197	26.7
198	28.39
199	25.35
200	23.61
201	20.24
202	18.78
203	18.26
204	20.55
205	18.98
206	28.98
207	40.73
208	46.32
209	54.67
210	61.05
211	72.5
212	74.15
213	79.24
214	79.13
215	68.22
216	51.97
217	52.5
218	52.92
219	46.13
220	33.9
221	31.13
222	24.14
223	19.17
224	21.86
225	20.03
226	20.74
227	22.84
228	26.56
229	21.59
230	22.29
231	20.82
232	19.51
233	20.85
234	27.67
235	21.87
236	23.35
237	23.23
238	20.22
239	24.98
240	29.95
241	31.08
242	42.92
243	53.29
244	64.16
245	72.2
246	80.41
247	88.61
248	95.63
249	90.72
250	85.68
251	85.48
252	81.92
253	80.13
254	77.95
255	77.83
256	79.0
257	76.92
258	72.98
259	73.89
260	68.5
261	60.18
262	54.87
263	45.74
264	36.07
265	28.41
266	30.22
267	24.09
268	21.65
269	22.48
270	22.27
271	25.56
272	25.54
273	26.26
274	24.99
275	23.68
276	23.66
277	22.03
278	25.82
279	22.35
280	27.96
281	40.16
282	37.85
283	26.38
284	23.95
285	25.13
286	27.5
287	31.02
288	27.51
289	26.43
290	28.79
291	37.59
292	32.9
293	32.02
294	39.3
295	36.47
296	35.13
297	35.76
298	39.16
299	34.67
300	33.38
301	42.33
