pos	mean_exp_score	RSA
331	-0.7361904761904763	1.0512820512820513
332	-0.25047619047619046	0.2893401015228426
333	-0.6523809523809524	0.75
334	-0.550952380952381	0.5384615384615384
335	-0.3047619047619048	0.44776119402985076
336	-1.6214285714285712	0.08383233532934131
337	-0.7285714285714286	0.2389937106918239
338	-1.7357142857142858	0.1375
339	-0.42857142857142855	0.4230769230769231
340	-1.0585714285714285	0.5333333333333333
341	-1.7047619047619047	0.05747126436781609
342	-2.086190476190476	0.10416666666666667
343	-2.2995238095238095	0.6461538461538462
344	-1.5038095238095237	0.21705426356589147
345	-1.565238095238095	0.8023255813953488
346	-0.40238095238095234	0.5802919708029197
347	-1.8771428571428572	0.05
348	-1.0157142857142856	0.20930232558139536
349	-1.9161904761904762	0.14838709677419354
350	-2.172857142857143	0.0
351	-1.8861904761904762	0.17490494296577946
352	-1.0590476190476192	0.2868217054263566
353	-2.223333333333333	0.02456140350877193
354	-0.7638095238095237	0.4564102564102564
355	-2.2014285714285715	0.291970802919708
356	-0.8266666666666667	0.288135593220339
357	-0.5066666666666667	0.4233576642335766
358	-1.2961904761904761	0.1065989847715736
359	-0.3990476190476191	0.36774193548387096
360	-0.9233333333333333	0.47692307692307695
361	-1.2147619047619047	0.029940119760479042
362	-0.34476190476190477	0.16666666666666666
363	-1.016190476190476	0.15503875968992248
364	-2.1619047619047618	0.25906735751295334
365	-0.8838095238095239	0.2623574144486692
366	-0.48	0.34838709677419355
367	-0.05571428571428569	0.3620689655172414
368	-1.5695238095238095	0.10945273631840796
369	-0.19285714285714284	0.6349809885931559
370	-0.7538095238095238	0.717948717948718
371	-0.6538095238095238	0.6580645161290323
372	-0.5419047619047619	0.2248062015503876
373	-0.23809523809523808	0.7096774193548387
374	-0.9752380952380952	0.29583333333333334
375	-1.0814285714285714	0.47096774193548385
376	-0.7890476190476191	0.28488372093023256
377	-1.9295238095238096	0.42916666666666664
378	-0.9509523809523809	0.4576271186440678
379	-2.7676190476190476	0.11976047904191617
380	-2.395238095238095	0.16730038022813687
381	-1.6552380952380952	0.625
382	-1.4457142857142857	0.14367816091954022
383	-0.4861904761904762	0.432258064516129
384	-0.5128571428571428	0.4339622641509434
385	-0.2995238095238095	0.6918604651162791
386	-0.5595238095238095	0.461864406779661
387	-1.7095238095238094	0.10945273631840796
388	-0.7709523809523808	0.3487179487179487
389	-0.7185714285714285	0.44041450777202074
390	-0.6333333333333334	0.1691542288557214
391	-0.41904761904761906	0.2215568862275449
392	-0.7276190476190477	0.0625
393	-0.6471428571428571	0.05232558139534884
394	-0.45285714285714285	0.3435897435897436
395	-1.6223809523809525	0.08045977011494253
396	-1.119047619047619	0.2661596958174905
397	-1.6573333333333333	0.015503875968992248
398	-2.3980952380952383	0.0
399	-2.08	0.10967741935483871
400	-2.628095238095238	0.0
401	-2.3414285714285716	0.0
402	-2.294761904761905	0.0
403	-1.3633333333333333	0.17518248175182483
404	-1.8376190476190477	0.16346153846153846
405	-1.1138095238095238	0.46632124352331605
406	-1.9590476190476191	0.04
407	-2.170952380952381	0.11494252873563218
408	-0.22380952380952382	0.6094890510948905
409	-1.859047619047619	0.06726457399103139
410	-2.519047619047619	0.04568527918781726
411	-1.6852380952380952	0.15503875968992248
412	-2.6195238095238094	0.22641509433962265
413	-0.9633333333333334	0.5096153846153846
414	-1.0	0.30493273542600896
415	-0.7285714285714286	0.5872093023255814
416	-2.2323809523809524	0.23076923076923078
417	-0.19380952380952382	0.19491525423728814
418	-2.4838095238095237	0.0
419	-2.0885714285714285	0.046511627906976744
420	-1.26	0.11917098445595854
421	-1.6366666666666665	0.20912547528517111
422	-2.4595238095238097	0.010256410256410256
423	-2.630952380952381	0.015209125475285171
424	-2.144285714285714	0.1906779661016949
425	-2.388095238095238	0.029850746268656716
426	-2.280952380952381	0.1320754716981132
427	-0.6504761904761904	0.694300518134715
428	-1.0238095238095237	0.7253886010362695
429	-2.559047619047619	0.0625
430	-0.8285714285714285	0.3023255813953488
431	-2.7371428571428575	0.0
432	-2.762380952380952	0.023952095808383235
433	-2.8023809523809526	0.022988505747126436
434	-1.9500000000000002	0.04060913705583756
435	-2.133809523809524	0.0
436	-2.41	0.10877192982456141
437	-1.8066666666666666	0.3230769230769231
438	-1.899047619047619	0.03225806451612903
439	-0.8238095238095239	0.14358974358974358
440	-0.4509523809523809	0.8153846153846154
441	-0.5276190476190477	0.5572139303482587
442	-2.23	0.031088082901554404
443	-1.1204761904761906	0.14193548387096774
444	-0.3933333333333333	0.5
445	-0.3166666666666667	0.7011494252873564
446	-0.6233333333333333	0.41346153846153844
447	-0.6533333333333333	0.08653846153846154
448	-0.8628571428571429	0.1076923076923077
449	-0.21476190476190476	0.5171102661596958
450	-0.41190476190476183	0.4153846153846154
451	-1.3885714285714286	0.030418250950570342
452	-0.2776190476190476	0.22388059701492538
453	-1.3033333333333335	0.057034220532319393
454	-2.3676190476190477	0.021897810218978103
455	0.0375	0.25870646766169153
456	-0.47904761904761906	0.24583333333333332
457	-2.2409523809523813	0.1678832116788321
458	-0.570952380952381	0.847457627118644
459	-0.47714285714285715	0.45161290322580644
460	-0.4176190476190476	0.49230769230769234
461	-2.0704761904761906	0.04975124378109453
462	-0.6638095238095238	0.6186440677966102
463	-1.6376190476190478	0.39622641509433965
464	-1.1428571428571428	0.22916666666666666
465	-1.601904761904762	0.3333333333333333
466	-1.7004761904761905	0.40145985401459855
467	-2.5252380952380955	0.16580310880829016
468	-0.6033333333333333	0.5482233502538071
469	-1.2928571428571427	0.3225806451612903
470	-0.5723809523809523	0.4069767441860465
471	-0.6823809523809524	0.6044444444444445
472	-0.7490476190476191	0.20812182741116753
473	-0.8866666666666667	0.23954372623574144
474	-0.9523809523809523	0.3721973094170404
475	-0.559047619047619	0.3488372093023256
476	-1.0876190476190477	0.34615384615384615
477	-0.34809523809523807	0.6387096774193548
478	-0.41857142857142854	0.6104651162790697
479	-0.5452380952380952	0.5974842767295597
480	-1.430952380952381	0.08982035928143713
481	-0.5161904761904762	0.7897435897435897
482	-0.8157142857142856	0.5769230769230769
483	-0.31476190476190474	0.5977011494252874
484	-0.46761904761904766	0.49333333333333335
485	-0.7733333333333334	0.3942307692307692
486	-0.14238095238095236	0.7375
487	-0.6361904761904762	0.27692307692307694
488	-1.5080952380952382	0.041916167664670656
489	-0.3738095238095238	0.34980988593155893
490	-0.3657142857142857	0.37083333333333335
491	-2.1404761904761904	0.018867924528301886
492	-1.983809523809524	0.05970149253731343
493	-0.5371428571428571	0.4125560538116592
494	-0.5495238095238095	0.2709677419354839
495	-1.9161904761904762	0.0076045627376425855
496	-0.27714285714285714	0.36538461538461536
497	-2.085238095238095	0.008333333333333333
498	-0.35047619047619044	0.29596412556053814
499	-0.6828571428571428	0.3584905660377358
500	-0.42523809523809525	0.7151162790697675
501	-0.34285714285714286	0.2358974358974359
502	-0.13904761904761903	0.4326923076923077
503	-0.47428571428571425	0.5402298850574713
504	-0.3852380952380952	0.20192307692307693
505	-0.1623809523809524	0.5019011406844106
506	-1.6123809523809522	0.10762331838565023
507	-2.257142857142857	0.0
508	-1.4852380952380952	0.12167300380228137
509	-2.477142857142857	0.014598540145985401
510	-2.664761904761905	0.0
511	-2.644761904761905	0.0
512	-2.7009523809523808	0.0
513	-2.6542857142857144	0.1890547263681592
514	-0.8471428571428571	0.12903225806451613
515	-2.13	0.06666666666666667
516	-1.3395238095238096	0.4311111111111111
517	-0.39666666666666667	0.15422885572139303
518	-0.10761904761904763	0.7064676616915423
519	-0.5738095238095239	0.8214285714285714
520	-0.43523809523809526	0.40310077519379844
521	-0.9119047619047619	0.7861635220125787
522	-0.2690476190476191	0.32558139534883723
523	-1.406875	0.2558139534883721
524	-0.7245454545454545	0.034482758620689655
525	-0.7657142857142857	0.2934131736526946
526	-0.43900000000000006	0.10576923076923077
527	-0.07428571428571426	0.24528301886792453
528	-0.24619047619047618	0.6271186440677966
529	-0.1476190476190476	0.8305084745762712
530	-0.23809523809523808	0.7870967741935484
531	-0.22571428571428573	1.0930232558139534
