resi,pos,count,alignment_frequency
Q14,14,1,0.148148148
C15,15,,0.333333333
V16,16,18,0.333333333
N17,17,17,0.703703704
L18,18,19,0.296296297
T19,19,13,0.259259259
T20,20,13,0.333333333
R21,21,11,0.296296297
T22,22,1,0.185185186
Q23,23,4,0.444444445
L24,24,19,0.37037037
P25,25,18,0.111111111
P26,26,19,0.185185186
A27,27,9,0.222222222
Y28,28,6,0.777777778
T29,29,9,0.222222222
N30,30,,0.259259259
S31,31,,0.592592592
F32,32,19,0.333333333
T33,33,18,0.925925926
R34,34,19,0.037037037
G35,35,10,0.148148148
V36,36,6,1
Y37,37,6,1
Y38,38,8,0.925925926
P39,39,4,1
D40,40,19,1
K41,41,19,0.629629629
V42,42,18,1
F43,43,18,0.148148148
R44,44,18,0.148148148
S45,45,3,0.777777778
S46,46,,1
V47,47,,1
L48,48,18,0.222222222
H49,49,19,0.666666667
S50,50,19,0.777777778
T51,51,17,0.555555556
Q52,52,17,0.037037037
D53,53,14,0.592592592
L54,54,,0.814814815
F55,55,5,0.629629629
L56,56,19,0.259259259
P57,57,18,1
F58,58,19,1
F59,59,17,0.888888889
S60,60,12,1
N61,61,5,0.148148148
V62,62,3,0.888888889
T63,63,1,0.888888889
W64,64,17,0.481481481
F65,65,19,0.777777778
H66,66,14,0.481481481
A67,67,15,0.296296297
I68,68,17,0.185185186
H69,69,11,0.222222222
V70,70,,0.222222222
S71,71,2,0.111111111
G72,72,17,0.259259259
T73,73,15,0.111111111
N74,74,18,0.185185186
G75,75,7,0.111111111
T76,76,3,0.111111111
K77,77,,0.148148148
R78,78,,0.111111111
F79,79,11,0.333333333
D80,80,18,0.37037037
N81,81,8,0.629629629
P82,82,19,0.851851851
V83,83,18,0.888888889
L84,84,17,0.851851851
P85,85,,0.407407408
F86,86,6,0.592592592
N87,87,12,0.444444445
D88,88,7,1
G89,89,7,0.148148148
V90,90,19,1
Y91,91,19,1
F92,92,18,0.481481481
A93,93,1,1
S94,94,2,1
T95,95,7,0.851851851
E96,96,5,0.148148148
K97,97,7,0.888888889
S98,98,19,0.888888889
N99,99,19,0.851851851
I100,100,16,1
I101,101,3,1
R102,102,1,0.333333333
G103,103,7,0.555555556
W104,104,3,1
I105,105,8,1
F106,106,19,1
G107,107,19,0.74074074
T108,108,19,1
T109,109,2,1
L110,110,11,0.444444445
D111,111,12,0.888888889
S112,112,16,0.518518519
K113,113,11,0.814814815
T114,114,19,0.111111111
Q115,115,19,0.296296297
S116,116,19,0.592592592
L117,117,,1
L118,118,6,1
I119,119,10,0.333333333
V120,120,14,0.444444445
N121,121,12,0.814814815
N122,122,19,0.629629629
A123,123,19,1
T124,124,19,1
N125,125,3,0.333333333
V126,126,6,0.888888889
V127,127,13,0.518518519
I128,128,13,0.555555556
K129,129,9,0.407407408
V130,130,19,0.962962963
C131,131,19,0.37037037
E132,132,19,0.814814815
F133,133,,1
Q134,134,5,0.148148148
F135,135,9,1
C136,136,11,0.407407408
N137,137,6,0.518518519
D138,138,18,1
P139,139,19,0.111111111
F140,140,17,0.481481481
L141,141,,1
G142,142,17,0.333333333
V143,143,9,0.37037037
Y144,144,17,0.148148148
Y145,145,18,0.777777778
H146,146,19,0.333333333
K147,147,15,0.259259259
N148,148,16,0.333333333
N149,149,8,0.074074074
K150,150,7,0.407407408
S151,151,17,0.333333333
W152,152,15,0.481481481
M153,153,12,0.407407408
E154,154,2,0.703703704
S155,155,,0.111111111
E156,156,14,0.148148148
F157,157,18,0.111111111
R158,158,12,0.37037037
V159,159,15,0.333333333
Y160,160,16,0.148148148
S161,161,17,0.777777778
S162,162,19,0.777777778
A163,163,10,0.333333333
N164,164,9,0.666666667
N165,165,12,0.703703704
C166,166,8,0.148148148
T167,167,7,1
F168,168,16,1
E169,169,18,1
Y170,170,19,0.518518519
V171,171,7,0.518518519
S172,172,8,0.518518519
Q173,173,2,0.814814815
P174,174,14,0.518518519
F175,175,12,0.185185186
L176,176,16,0.222222222
M177,177,15,0.888888889
D178,178,19,0.185185186
L179,179,13,0.185185186
E180,180,8,0.888888889
G181,181,10,0.222222222
K182,182,13,0.148148148
Q183,183,7,0.333333333
G184,184,16,0.703703704
N185,185,16,0.148148148
F186,186,19,0.962962963
K187,187,4,0.629629629
N188,188,6,1
L189,189,6,0.666666667
R190,190,11,0.148148148
E191,191,11,0.962962963
F192,192,16,1
V193,193,17,1
F194,194,19,0.74074074
K195,195,15,0.888888889
N196,196,9,1
I197,197,13,0.703703704
D198,198,16,1
G199,199,11,0.111111111
Y200,200,14,1
F201,201,18,1
K202,202,19,0.259259259
I203,203,10,0.407407408
Y204,204,7,0.37037037
S205,205,4,0.518518519
K206,206,19,1
H207,207,17,0.481481481
T208,208,19,0.333333333
P209,209,18,0.148148148
I210,210,14,0.481481481
N211,211,11,0.777777778
L212,212,9,0.555555556
V213,213,9,0.555555556
R214,214,4,0.481481481
D215,215,16,0.259259259
L216,216,18,0.555555556
P217,217,16,0.222222222
Q218,218,17,0.851851851
G219,219,12,1
F220,220,12,0.111111111
S221,221,19,0.888888889
A222,222,12,0.814814815
L223,223,19,0.703703704
E224,224,18,0.333333333
P225,225,17,1
L226,226,17,0.222222222
V227,227,19,1
D228,228,17,0.481481481
L229,229,15,0.333333333
P230,230,19,0.148148148
I231,231,17,0.962962963
G232,232,18,1
I233,233,19,0.185185186
N234,234,19,0.888888889
I235,235,18,0.777777778
T236,236,15,1
R237,237,13,1
F238,238,18,1
Q239,239,19,0.222222222
T240,240,17,0.777777778
L241,241,19,0.148148148
L242,242,17,0.407407408
A243,243,16,0.444444445
L244,244,15,0.629629629
H245,245,14,0.37037037
R246,246,18,0.222222222
S247,247,17,0.333333333
Y248,248,16,0.333333333
L249,249,18,0.148148148
T250,250,15,0.148148148
P251,251,15,0.148148148
G252,252,14,0.148148148
D253,253,7,0.518518519
S254,254,9,0.148148148
S255,255,14,0.111111111
S256,256,10,0.111111111
G257,257,18,0.111111111
W258,258,11,0.592592592
T259,259,11,0.333333333
A260,260,1,0.518518519
G261,261,15,0.333333333
A262,262,19,0.259259259
A263,263,19,0.148148148
A264,264,19,0.37037037
Y265,265,19,0.888888889
Y266,266,19,0.851851851
V267,267,19,0.888888889
G268,268,17,0.518518519
Y269,269,11,1
L270,270,18,1
Q271,271,15,0.555555556
P272,272,19,1
R273,273,16,0.148148148
T274,274,12,0.592592592
F275,275,16,0.37037037
L276,276,10,1
L277,277,10,0.888888889
K278,278,17,0.222222222
Y279,279,18,0.925925926
N280,280,18,0.444444445
E281,281,14,0.518518519
N282,282,19,0.629629629
G283,283,19,0.703703704
T284,284,12,1
I285,285,8,1
T286,286,14,1
D287,287,18,1
A288,288,19,0.703703704
V289,289,17,0.814814815
D290,290,1,1
C291,291,18,0.851851851
A292,292,17,1
L293,293,13,1
D294,294,15,0.259259259
P295,295,18,0.333333333
L296,296,18,0.629629629
S297,297,19,1
E298,298,19,1
T299,299,17,0.592592592
K300,300,12,1
C301,301,11,0.222222222
