pos	mean_exp_score
336	-3.6105000000000005
337	-0.6835
338	-2.5404999999999998
339	1.0635000000000001
340	-0.6345
341	-3.117
342	-3.521
343	-2.6785
344	-2.0695
345	-0.96
346	0.5555
347	-3.0985
348	-1.314
349	-2.516
350	-3.2370000000000005
351	-2.528
352	-1.278
353	-3.3405
354	-0.601
355	-3.364
356	-0.4685
357	-0.06449999999999999
358	-1.685
359	0.04050000000000002
360	-2.192
361	-3.9019999999999997
362	-3.8945
363	-1.3030000000000002
364	-2.9325
365	-2.4915
366	-0.16999999999999998
367	1.3465
368	-2.3535
369	1.177
370	-0.24500000000000002
371	1.0585
372	1.4220000000000002
373	1.1985
374	-0.4635000000000001
375	-1.171
376	0.10350000000000001
377	-2.0275
378	-0.8404999999999999
379	-4.082
380	-2.3815
381	-3.314
382	-2.9274999999999998
383	-0.4915
384	0.9295
385	1.0855000000000001
386	-1.012
387	-3.8195
388	-0.9385
389	-1.476
390	-0.696
391	-3.0435000000000003
392	-1.4625
393	-1.1035
394	1.1595
395	-3.4005
396	-1.9185000000000003
397	-2.3765
398	-3.2125
399	-3.347
400	-4.135
401	-3.872
402	-2.808
403	-2.7405
404	-3.0975
405	-0.6805
406	-1.9564999999999997
407	-3.6435000000000004
408	1.5465
409	-2.897
410	-3.5879999999999996
411	-2.3035
412	-3.6075000000000004
413	-0.659
414	-1.154
415	0.531
416	-3.6149999999999998
417	0.944
418	-3.289
419	-3.4675
420	-1.2015
421	-2.8284999999999996
422	-4.1795
423	-4.0305
424	-3.6955
425	-3.4625
426	-3.3705
427	0.8355
428	-0.398
429	-2.911
430	-0.19050000000000003
431	-3.408
432	-3.6379999999999995
433	-2.978
434	-1.8054999999999999
435	-3.4785000000000004
436	-3.9240000000000004
437	-3.7060000000000004
438	-3.723
439	-0.5960000000000001
440	0.552
441	0.027999999999999987
442	-3.6414999999999997
443	-2.745
444	0.9334999999999999
445	1.2109999999999999
446	0.3035
447	-0.154
448	-0.9359999999999999
449	1.3515000000000001
450	0.534
451	-2.513
452	0.6529999999999999
453	-1.8485
454	-3.4690000000000003
455	0.938
456	-0.19350000000000006
457	-3.3385
458	0.17049999999999998
459	0.78
460	1.109
461	-3.0100000000000002
462	-0.29
463	-3.229
464	-2.1900000000000004
465	-2.7155
466	-2.0755
467	-4.1225
468	-0.618
469	-1.7745000000000002
470	0.45999999999999996
471	-0.6719999999999999
472	-1.5585
473	-1.4955000000000003
474	-1.7869999999999997
475	0.08450000000000006
476	-2.8055
477	1.3
478	0.9955
479	-0.15899999999999997
480	-3.368
481	0.14899999999999997
482	-0.8455
483	0.968
484	0.2365
485	-0.833
486	1.05
487	-0.3915
488	-4.2425
489	0.038999999999999965
490	0.6855
491	-4.0305
492	-2.907
493	0.21600000000000005
494	-0.06899999999999999
495	-3.4255000000000004
496	0.9730000000000001
497	-3.5170000000000003
498	0.14699999999999996
499	-0.38899999999999996
500	0.4620000000000001
501	0.9455
502	1.0145
503	0.4095000000000001
504	1.014
505	-0.20199999999999996
506	-3.2910000000000004
507	-3.1835
508	-3.2
509	-3.2714999999999996
510	-3.2634999999999996
511	-3.1565
512	-3.4479999999999995
513	-3.0795
514	-1.5554999999999999
515	-2.7960000000000003
516	-0.9410000000000001
517	0.924
